Class,Precision,Recall,F1,mAP
Weapons,0.7574169519579933,0.7752808988764045,0.7662448212066626,0.5105035055582482
