Class,Precision,Recall,F1,mAP
Weapons,0.7538020466482157,0.8314606741573034,0.7907291954343149,0.5051103686013116
