Class,Precision,Recall,F1,mAP
Weapons,0.7893923898030143,0.7415730337078652,0.7647358984106581,0.4895937668559841
